STT,Nhóm,Nội dung,Bài viết,Từ khóa SEO,Lịch đăng,Thời gian đăng,Nhiệm vụ,Đã đăng?,Link hình ảnh,Link bài viết đã đăng
0,Trang chủ lực,Landing dịch vụ thay pin (bảng giá + FAQ + schema),"Thay Pin iPhone Đà Nẵng – Pin Zin, Lấy Ngay, Bảo Hành 12 Tháng",thay pin iphone đà nẵng,2026-05-30,đã đăng,Hoàn thành,Đã đăng,https://danangmobile.com/wp-content/uploads/2024/11/Thay-Pin-iPhone-Da-Nang.png,https://danangmobile.com/dich-vu-thay-pin-iphone-da-nang/
1,A – Thương mại,Thay pin theo model,"Thay Pin iPhone 11 Đà Nẵng: Giá Bao Nhiêu, Lấy Ngay",thay pin iphone 11 đà nẵng,2026-05-30,đã đăng,Hoàn thành,Đã đăng,Thay-Pin-iPhone-Da-Nang.png,https://danangmobile.com/thay-pin-iphone-11-da-nang/
2,A – Thương mại,Thay pin theo model,"Thay Pin iPhone 12 Đà Nẵng: Giá & Địa Chỉ Uy Tín",thay pin iphone 12 đà nẵng,2026-05-30,đã đăng,Hoàn thành,Đã đăng,Thay-Pin-iPhone-Da-Nang.png,https://danangmobile.com/thay-pin-iphone-12-da-nang/
3,A – Thương mại,Thay pin theo model,"Thay Pin iPhone 13 Đà Nẵng: Bảng Giá, Lấy Liền",thay pin iphone 13 đà nẵng,2026-05-30,đã đăng,Hoàn thành,Đã đăng,thay-pin-iphone-13-series.jpg,https://danangmobile.com/thay-pin-iphone-13-da-nang/
7,B – Thông tin,Dấu hiệu chai pin,8 Dấu Hiệu iPhone Cần Thay Pin Bạn Không Nên Bỏ Qua,dấu hiệu iphone cần thay pin,2026-05-30,đã đăng,Hoàn thành,Đã đăng,quy-trinh-thay-pin-iphone-tai-shop-tao-1.jpg,https://danangmobile.com/dau-hieu-iphone-can-thay-pin/
8,B – Thông tin,Kiểm tra chai pin,Cách Kiểm Tra Độ Chai Pin iPhone (Battery Health),cách kiểm tra chai pin iphone,2026-05-30,đã đăng,Hoàn thành,Đã đăng,Thay-Pin-iPhone-Da-Nang.png,https://danangmobile.com/cach-kiem-tra-chai-pin-iphone/
9,B – Thông tin,Ngưỡng thay pin,iPhone Pin Dưới 80% Có Nên Thay Ngay?,pin iphone dưới 80%,2026-05-30,đã đăng,Hoàn thành,Đã đăng,quy-trinh-thay-pin-iphone-tai-shop-tao-1.jpg,https://danangmobile.com/iphone-pin-duoi-80-co-nen-thay/
4,A – Thương mại,Thay pin iPhone 14,"Thay Pin iPhone 14 Đà Nẵng: Giá Pin Zin, Bảo Hành",thay pin iphone 14 đà nẵng,2026-06-01,09:00,Viết + lên lịch (WP future),Chưa (đã lên lịch),Ảnh thay pin (dùng chung),(tự sinh khi đăng)
10,B – Thông tin,Pin zin vs dung lượng cao,Pin iPhone Zin Và Pin Dung Lượng Cao Khác Gì?,pin iphone zin,2026-06-03,09:00,Viết + lên lịch (WP future),Chưa (đã lên lịch),Ảnh thay pin (dùng chung),(tự sinh khi đăng)
5,A – Thương mại,Thay pin iPhone 15,Thay Pin iPhone 15 Đà Nẵng: Giá & Lưu Ý,thay pin iphone 15 đà nẵng,2026-06-05,09:00,Viết + lên lịch (WP future),Chưa (đã lên lịch),Ảnh thay pin (dùng chung),(tự sinh khi đăng)
11,B – Thông tin,Phồng pin,"iPhone Phồng Pin: Nguyên Nhân, Nguy Hiểm & Xử Lý",iphone phồng pin,2026-06-08,09:00,Viết + lên lịch (WP future),Chưa (đã lên lịch),Ảnh thay pin (dùng chung),(tự sinh khi đăng)
6,A – Thương mại,Thay pin iPhone X/XR/XS,"Thay Pin iPhone X/XR/XS Đà Nẵng: Giá Rẻ, Uy Tín",thay pin iphone x đà nẵng,2026-06-10,09:00,Viết + lên lịch (WP future),Chưa (đã lên lịch),Ảnh thay pin (dùng chung),(tự sinh khi đăng)
12,B – Thông tin,Mất dữ liệu / chống nước,"Thay Pin iPhone Có Mất Dữ Liệu, Mất Chống Nước?",thay pin iphone có mất dữ liệu,2026-06-12,09:00,Viết + lên lịch (WP future),Chưa (đã lên lịch),Ảnh thay pin (dùng chung),(tự sinh khi đăng)
13,B – Thông tin,Tụt pin nhanh,Vì Sao iPhone Tụt Pin Nhanh? Nguyên Nhân & Khắc Phục,iphone tụt pin nhanh,2026-06-15,09:00,Viết + lên lịch (WP future),Chưa (đã lên lịch),Ảnh thay pin (dùng chung),(tự sinh khi đăng)
14,B – Thông tin,Sạc đúng cách,Cách Sạc & Dùng iPhone Để Pin Bền Lâu,cách sạc iphone đúng cách,2026-06-17,09:00,Viết + lên lịch (WP future),Chưa (đã lên lịch),Ảnh thay pin (dùng chung),(tự sinh khi đăng)
15,B – Thông tin,Sập nguồn,iPhone Tự Sập Nguồn Dù Còn Pin – Do Pin Hay Máy?,iphone sập nguồn còn pin,2026-06-19,09:00,Viết + lên lịch (WP future),Chưa (đã lên lịch),Ảnh thay pin (dùng chung),(tự sinh khi đăng)
